2,SORA001.aif,2
3,SORA002.aif,2
4,SORA003.aif,2
5,SORA004.aif,2
6,SORA005.aif,2
7,SORA006.aif,2
8,SORA007.aif,2
9,SORA008.aif,2
10,SORA009.aif,2
11,SORA010.aif,2
12,SORA011.aif,2
13,SORA012.aif,2
14,SORA013.aif,2
15,SORA014.aif,2
16,SORA015.aif,2
17,SORA016.aif,2
18,SORA017.aif,2
19,SORA018.aif,2
20,SORA019.aif,2
21,SORA020.aif,2
22,SORA021.aif,2
23,SORA022.aif,2
24,SORA023.aif,2
25,SORA024.aif,2
26,SORA025.aif,2
27,SORA026.aif,2
28,SORA027.aif,2
29,SORA028.aif,2
30,SORA029.aif,2
31,SORA030.aif,2
32,SORA031.aif,2
33,SORA032.aif,2
